batter, batter_name, des, description, game_pk, hc_x, hc_y, hit_angle, hit_distance, hit_speed, inning, outs, pitcher, pitcher_name, play_id, team_batting, team_fielding, date
545361, Mike Trout, Mike Trout homers (1) on a fly ball to center field., Home Run, 747060, 89.49, 40.39, 37, 402, 102.5, 1, 2, 669203, Corbin Burnes, b5b7be46-6435-42ab-ab00-63b8b9641732, LAA, BAL, Sat Mar 28 2024 16:06:51 GMT-0500 (Central Daylight Time)
681351, Logan O'Hoppe, Logan O'Hoppe flies out to left fielder Austin Hays., Flyout, 747060, 74.99, 55.05, 29, 378, 97.1, 6, 1, 669203, Corbin Burnes, d67079c4-dde1-481a-99e3-9cf39a5ed91a, LAA, BAL, Sat Mar 28 2024 16:06:57 GMT-0500 (Central Daylight Time)
622761, Jorge Mateo, Jorge Mateo flies out sharply to left fielder Taylor Ward., Flyout, 747060, 43.68, 75.88, 35, 366, 103.7, 3, 3, 660761, José Suarez, 58a1e7dd-eee2-47dc-abc2-1c250eef5b06, BAL, LAA, Sat Mar 28 2024 16:07:02 GMT-0500 (Central Daylight Time)
623993, Anthony Santander, Anthony Santander homers (1) on a fly ball to left center field.   Adley Rutschman scores., Home Run, 747060, 39.64, 46.36, 26, 431, 107.1, 4, 2, 660761, José Suarez, 01235cf6-0f75-4430-bd44-a92a5b0d6128, BAL, LAA, Sat Mar 28 2024 16:07:07 GMT-0500 (Central Daylight Time)
656775, Cedric Mullins, Cedric Mullins homers (1) on a fly ball to center field.   Austin Hays scores.    Ryan O'Hearn scores., Home Run, 747060, 137.83, 36.75, 26, 403, 103.1, 7, 0, 542585, José Cisnero, 68dea86e-a176-4ff7-ade2-a4eddc642849, BAL, LAA, Sat Mar 28 2024 16:07:11 GMT-0500 (Central Daylight Time)
592696, Eddie Rosario, Eddie Rosario homers (1) on a fly ball to right field.    Joey Meneses scores., Home Run, 746737, 207.92, 64.31, 35, 389, 101.3, 7, 2, 641941, Emilio Pagán, 2bb170aa-22ce-4831-b8ea-90fca9a17a11, WSH, CIN, Sat Mar 28 2024 16:07:16 GMT-0500 (Central Daylight Time)
605361, Nick Martini, Nick Martini homers (1) on a fly ball to right center field.    Spencer Steer scores., Home Run, 746737, 208.83, 57.1, 29, 405, 104.9, 2, 1, 680686, Josiah Gray, 54338512-0fbe-49ac-bdf3-b5ed4f8a0d75, CIN, WSH, Sat Mar 28 2024 16:07:20 GMT-0500 (Central Daylight Time)
605361, Nick Martini, Nick Martini homers (2) on a fly ball to right center field.    Elly De La Cruz scores.    Spencer Steer scores., Home Run, 746737, 179.85, 47.65, 23, 389, 100.8, 3, 1, 680686, Josiah Gray, 3423ed8c-5945-46e0-89f4-d6ed2baf5696, CIN, WSH, Sat Mar 28 2024 16:07:25 GMT-0500 (Central Daylight Time)
624424, Michael Conforto, Michael Conforto homers (1) on a fly ball to right center field., Home Run, 745445, 183.42, 38.88, 29, 420, 105.9, 9, 2, 663158, Robert Suarez, 47824c32-a710-4c93-963b-c7d90bf1f935, SF, SD, Sat Mar 28 2024 16:07:29 GMT-0500 (Central Daylight Time)
502671, Paul Goldschmidt, Paul Goldschmidt homers (1) on a fly ball to left field., Home Run, 746165, 42.1, 59.49, 28, 401, 101.8, 4, 0, 607192, Tyler Glasnow, e97b2fb3-a7b9-4a4b-812a-f1204437a06f, STL, LAD, Sat Mar 28 2024 16:07:33 GMT-0500 (Central Daylight Time)
605141, Mookie Betts, Mookie Betts homers (2) on a fly ball to left field., Home Run, 746165, 30.62, 64.08, 28, 406, 104.6, 3, 0, 571945, Miles Mikolas, d4116f91-e362-4261-a7d0-fc02f0eeb67b, LAD, STL, Sat Mar 28 2024 16:07:38 GMT-0500 (Central Daylight Time)
518692, Freddie Freeman, Freddie Freeman homers (1) on a fly ball to center field.   Shohei Ohtani scores., Home Run, 746165, 148.1, 35.18, 33, 409, 101.7, 3, 0, 571945, Miles Mikolas, 148e943b-10db-4d71-943d-ead3b36bebbc, LAD, STL, Sat Mar 28 2024 16:07:43 GMT-0500 (Central Daylight Time)
543807, George Springer, George Springer homers (1) on a fly ball to left center field., Home Run, 745116, 59.43, 55.1, 26, 392, 100.3, 4, 0, 621107, Zach Eflin, 2d6363ad-8ff2-49cc-bf21-d8cdfdc55999, TOR, TB, Sat Mar 28 2024 16:07:48 GMT-0500 (Central Daylight Time)
624415, Cavan Biggio, Cavan Biggio homers (1) on a line drive to right field., Home Run, 745116, 208.26, 75.84, 25, 366, 99.6, 6, 1, 621107, Zach Eflin, 56b2f644-2548-4303-9f46-c078a38fb5ed, TOR, TB, Sat Mar 28 2024 16:07:52 GMT-0500 (Central Daylight Time)
665489, Vladimir Guerrero Jr., Vladimir Guerrero Jr.  homers (1) on a fly ball to center field., Home Run, 745116, 109.55, 17.44, 29, 450, 111.8, 6, 2, 621107, Zach Eflin, d9521816-dc7c-4ddd-98a8-a3d24764f25b, TOR, TB, Sat Mar 28 2024 16:07:57 GMT-0500 (Central Daylight Time)
665489, Vladimir Guerrero Jr., Vladimir Guerrero Jr.  flies out sharply to center fielder Jose Siri., Flyout, 745116, 110.1, 39.61, 31, 397, 105.6, 9, 1, 664208, Phil Maton, f75da74d-9754-4e8b-91ad-21df0c5c8812, TOR, TB, Sat Mar 28 2024 16:08:02 GMT-0500 (Central Daylight Time)
650490, Yandy Díaz, Yandy Díaz homers (1) on a line drive to left field., Home Run, 745116, 23.89, 96.78, 19, 355, 107.2, 1, 0, 621244, José Berríos, f06bc094-78af-4b21-ac95-ab6360bbd9b9, TB, TOR, Sat Mar 28 2024 16:08:06 GMT-0500 (Central Daylight Time)
650907, René Pinto, René Pinto doubles (1) on a fly ball to right fielder George Springer., Double, 745116, 216.04, 95.26, 31, 339, 98.2, 6, 0, 621244, José Berríos, 3752c3a3-8a80-412d-b0e6-0cbdab683f81, TB, TOR, Sat Mar 28 2024 16:08:11 GMT-0500 (Central Daylight Time)
650490, Yandy Díaz, Yandy Díaz flies out to right fielder George Springer., Flyout, 745116, 212.77, 93.62, 33, 337, 96.5, 8, 1, 663878, Nate Pearson, a070c07e-6f32-42c7-9637-20bf77e1d728, TB, TOR, Sat Mar 28 2024 16:08:16 GMT-0500 (Central Daylight Time)
642708, Amed Rosario, Amed Rosario doubles (1) on a sharp fly ball to center fielder Kevin Kiermaier., Double, 745116, 94.21, 30.5, 27, 404, 102.6, 9, 1, 641835, Tim Mayza, 1a2e9dde-b846-4c4b-96d6-57f9c7296c52, TB, TOR, Sat Mar 28 2024 16:08:21 GMT-0500 (Central Daylight Time)
668904, Royce Lewis, Royce Lewis homers (1) on a fly ball to left center field., Home Run, 746335, 47.18, 46.5, 30, 423, 104.2, 1, 2, 666142, Cole Ragans, d9e7853b-fa1a-4245-9c46-f3ebfba15b90, MIN, KC, Sat Mar 28 2024 16:08:26 GMT-0500 (Central Daylight Time)
672580, Maikel Garcia, Maikel Garcia homers (1) on a fly ball to left field., Home Run, 746335, 38.09, 63.26, 30, 398, 99.2, 1, 0, 641154, Pablo López, 2713de8e-6287-42b7-ad69-f7ab32594649, KC, MIN, Sat Mar 28 2024 16:08:31 GMT-0500 (Central Daylight Time)
521692, Salvador Perez, Salvador Perez flies out sharply to left fielder Willi Castro., Flyout, 746335, 61.36, 74.14, 45, 348, 102.3, 7, 1, 641154, Pablo López, a4e5c22e-7a27-476a-a86d-89bfba0a05eb, KC, MIN, Sat Mar 28 2024 16:08:36 GMT-0500 (Central Daylight Time)
668804, Bryan Reynolds, Bryan Reynolds homers (1) on a fly ball to left center field.   Connor Joe scores., Home Run, 746089, 65.98, 44.08, 24, 406, 107.5, 3, 1, 666200, Jesús Luzardo, eeab66fc-2f8b-4005-bac9-447db3132e42, PIT, MIA, Sat Mar 28 2024 16:08:40 GMT-0500 (Central Daylight Time)
658668, Edward Olivares, Edward Olivares homers (1) on a fly ball to center field., Home Run, 746089, 86.24, 36.44, 26, 413, 102.4, 7, 0, 677053, Andrew Nardi, dc8b8c65-5d47-4211-9ec0-51b565a55745, PIT, MIA, Sat Mar 28 2024 16:08:44 GMT-0500 (Central Daylight Time)
665833, Oneil Cruz, Oneil Cruz homers (1) on a fly ball to left center field., Home Run, 746089, 48.04, 64.23, 23, 384, 105.5, 8, 0, 664350, Sixto Sánchez, 046112b6-0e45-49b0-a2a4-eeb819683f8f, PIT, MIA, Sat Mar 28 2024 16:08:49 GMT-0500 (Central Daylight Time)
665862, Jazz Chisholm Jr., Jazz Chisholm Jr.  doubles (1) on a sharp fly ball to right fielder Connor Joe.   Bryan De La Cruz to 3rd., Double, 746089, 173.19, 54.06, 24, 377, 100.8, 3, 1, 656605, Mitch Keller, e5fdd4d5-9900-4c8c-900d-7a6c1c19e8fe, MIA, PIT, Sat Mar 28 2024 16:08:53 GMT-0500 (Central Daylight Time)
650559, Bryan De La Cruz, Bryan De La Cruz flies out sharply to right fielder Bryan Reynolds., Flyout, 746089, 202.63, 83.7, 34, 342, 100.2, 12, 3, 669796, Jose Hernandez, dd0d3f08-10db-41a7-bc89-8fb2667326a2, MIA, PIT, Sat Mar 28 2024 16:08:58 GMT-0500 (Central Daylight Time)
665828, Oswaldo Cabrera, Oswaldo Cabrera homers (1) on a fly ball to right center field., Home Run, 746418, 203.35, 65.37, 25, 381, 99.6, 6, 1, 606160, Rafael Montero, 0ff40193-abe6-436e-8400-9c1c8638836f, NYY, HOU, Sat Mar 28 2024 16:09:02 GMT-0500 (Central Daylight Time)
676694, Jake Meyers, Jake Meyers homers (1) on a fly ball to left field., Home Run, 746418, 17.54, 69.23, 28, 415, 110.0, 2, 0, 641482, Nestor Cortes, 576ab6ad-d67f-4515-8b59-8edf43a4166c, HOU, NYY, Sat Mar 28 2024 16:09:28 GMT-0500 (Central Daylight Time)
641355, Cody Bellinger, Cody Bellinger lines out sharply to right fielder Adolis García., Lineout, 745039, 186.22, 65.74, 21, 362, 102.4, 1, 3, 543135, Nathan Eovaldi, 607c2507-e5b9-437d-93da-b3c08401253c, CHC, TEX, Sat Mar 28 2024 16:09:34 GMT-0500 (Central Daylight Time)
666624, Christopher Morel, Christopher Morel triples (1) on a fly ball to left fielder Evan Carter., Triple, 745039, 55.52, 83.49, 23, 374, 101.6, 2, 0, 543135, Nathan Eovaldi, b5b78e05-0137-48dd-969b-d3aed7073b85, CHC, TEX, Sat Mar 28 2024 16:09:40 GMT-0500 (Central Daylight Time)
666969, Adolis García, Adolis García homers (1) on a fly ball to left field., Home Run, 745039, 30.02, 64.12, 31, 407, 104.5, 6, 1, 622075, Yency Almonte, 03f4d4cd-bffb-43e4-ad04-ca43fa35eaa7, TEX, CHC, Sat Mar 28 2024 16:09:45 GMT-0500 (Central Daylight Time)
694497, Evan Carter, Evan Carter lines out to right fielder Seiya Suzuki., Lineout, 745039, 173.63, 64.1, 33, 372, 96.6, 7, 1, 643410, Mark Leiter Jr., 8c9945f8-1bb2-423a-a93a-3c5e422c24b3, TEX, CHC, Sat Mar 28 2024 16:09:51 GMT-0500 (Central Daylight Time)
608671, Travis Jankowski, Travis Jankowski homers (1) on a fly ball to right field., Home Run, 745039, 211.09, 62.42, 26, 396, 99.0, 9, 0, 640470, Adbert Alzolay, 4fba57e1-418c-4325-91fd-5e842a518e3c, TEX, CHC, Sat Mar 28 2024 16:09:56 GMT-0500 (Central Daylight Time)
647304, Josh Naylor, Josh Naylor doubles (1) on a sharp line drive to left fielder Seth Brown., Double, 745687, 49.28, 71.92, 19, 367, 107.8, 4, 1, 622072, Alex Wood, fb554faa-583e-49aa-91c0-8b24d24dd1b6, CLE, OAK, Sat Mar 28 2024 16:10:01 GMT-0500 (Central Daylight Time)
608070, José Ramírez, José Ramírez triples (1) on a fly ball to center fielder JJ Bleday.   Steven Kwan scores., Triple, 745687, 197.22, 65.75, 26, 373, 96.9, 9, 0, 547184, Michael Kelly, 24dcac0d-7e28-4082-b3e2-6896f58ae781, CLE, OAK, Sat Mar 28 2024 16:10:05 GMT-0500 (Central Daylight Time)
641857, Ryan McMahon, Ryan McMahon doubles (1) on a sharp fly ball to center fielder Alek Thomas.   Brendan Rodgers scores., Double, 747224, 141.93, 33, 24, 412, 105.4, 2, 0, 668678, Zac Gallen, b703c0af-e3c7-4733-bdf3-ad693be4dc96, COL, AZ, Sat Mar 28 2024 16:10:09 GMT-0500 (Central Daylight Time)
666971, Lourdes Gurriel Jr., Lourdes Gurriel Jr.  homers (1) on a fly ball to left field.   Ketel Marte scores., Home Run, 747224, 21.01, 75.46, 33, 398, 106.2, 1, 1, 607536, Kyle Freeland, 2291f6b1-1ceb-4522-a446-bf77447775c3, AZ, COL, Sat Mar 28 2024 16:10:14 GMT-0500 (Central Daylight Time)
572233, Christian Walker, Christian Walker doubles (1) on a sharp line drive to center fielder Brenton Doyle.   Ketel Marte scores.    Corbin Carroll scores.    Lourdes Gurriel Jr.  to 3rd., Double, 747224, 96.68, 17.98, 17, 397, 113.2, 3, 0, 607536, Kyle Freeland, e2dcc909-9b65-4bd6-a07c-041a747e7951, AZ, COL, Sat Mar 28 2024 16:10:19 GMT-0500 (Central Daylight Time)
672695, Geraldo Perdomo, Geraldo Perdomo flies out to right fielder Jake Cave.   Blaze Alexander to 3rd., Flyout, 747224, 203.45, 74.46, 26, 362, 95.6, 6, 2, 680767, Victor Vodnik, 0caca7ef-be43-4973-92fc-91d2ba007087, AZ, COL, Sat Mar 28 2024 16:10:24 GMT-0500 (Central Daylight Time)
646240, Rafael Devers, Rafael Devers homers (1) on a fly ball to left center field.   Enmanuel Valdez scores., Home Run, 745283, 77.49, 44.55, 27, 400, 104.4, 3, 2, 622491, Luis Castillo, bc02e9dd-fd64-4273-9ef6-191075de1cb3, BOS, SEA, Sat Mar 28 2024 16:10:29 GMT-0500 (Central Daylight Time)
641933, Tyler O'Neill, Tyler O'Neill homers (1) on a fly ball to right center field., Home Run, 745283, 176.75, 47.84, 28, 394, 104.3, 8, 0, 675989, Cody Bolton, 05ba0202-dc28-4de0-a5d0-8847ac835ca4, BOS, SEA, Sat Mar 28 2024 16:10:34 GMT-0500 (Central Daylight Time)
668942, Josh Rojas, Josh Rojas flies out to right fielder Tyler O'Neill., Flyout, 745283, 207.13, 89.59, 37, 337, 93.2, 3, 1, 678394, Brayan Bello, 7bee6fb6-8d1b-4e55-99c7-2c1408ccda0d, SEA, BOS, Sat Mar 28 2024 16:10:41 GMT-0500 (Central Daylight Time)
571745, Mitch Haniger, Mitch Haniger homers (1) on a fly ball to right field.    Cal Raleigh scores., Home Run, 745283, 205.43, 71.02, 26, 372, 102.1, 4, 2, 678394, Brayan Bello, 5f23dc39-5726-4eb2-b774-5c6e441a3eec, SEA, BOS, Sat Mar 28 2024 16:10:47 GMT-0500 (Central Daylight Time)
593871, Jorge Polanco, Jorge Polanco flies out sharply to right fielder Tyler O'Neill., Flyout, 745283, 211.64, 92.26, 43, 338, 101.8, 6, 1, 663462, Isaiah Campbell, 03d61ba3-026f-4d80-8b73-0893b614b667, SEA, BOS, Sat Mar 28 2024 16:10:54 GMT-0500 (Central Daylight Time)
664238, Dylan Moore, Dylan Moore homers (1) on a fly ball to center field.   Mitch Haniger scores., Home Run, 745283, 158.73, 36.99, 29, 409, 104.0, 7, 0, 570257, Joely Rodríguez, 1ba890e6-28e7-49a2-9233-f27e7711f5c2, SEA, BOS, Sat Mar 28 2024 16:10:59 GMT-0500 (Central Daylight Time)
592885, Christian Yelich, Christian Yelich homers (1) on a line drive to right center field., Home Run, 745848, 190.06, 55.06, 19, 389, 108.7, 4, 0, 500779, Jose Quintana, d2185f7d-ce66-4310-8bab-e19fa3b10a6f, MIL, NYM, Sat Mar 29 2024 16:11:04 GMT-0500 (Central Daylight Time)
516782, Starling Marte, Starling Marte homers (1) on a line drive to left center field., Home Run, 745848, 70.81, 55.34, 18, 381, 109.2, 2, 1, 642547, Freddy Peralta, bb3299e1-3e8d-462a-a815-2c68652597ef, NYM, MIL, Sat Mar 29 2024 16:11:09 GMT-0500 (Central Daylight Time)
624413, Pete Alonso, Pete Alonso flies out to left fielder Christian Yelich., Flyout, 745848, 47.12, 84.95, 26, 343, 94.7, 4, 2, 642547, Freddy Peralta, 3222f4b3-355d-474f-b4b6-2274d396f74e, NYM, MIL, Sat Mar 29 2024 16:11:16 GMT-0500 (Central Daylight Time)
516782, Starling Marte, Starling Marte flies out to right fielder Jackson Chourio., Flyout, 745848, 203.48, 73.9, 29, 364, 98.1, 7, 3, 656730, Trevor Megill, b59194a4-42ca-4b14-b9b7-a5542b9afbc4, NYM, MIL, Sat Mar 29 2024 16:11:23 GMT-0500 (Central Daylight Time)
606115, Orlando Arcia, Orlando Arcia doubles (1) on a fly ball to center fielder Johan Rojas.   Michael Harris II to 3rd., Double, 745604, 90.98, 65.65, 27, 376, 97.6, 7, 1, 621381, Matt Strahm, c56c0d6b-2e82-4dbc-b028-5693b1e61ed7, ATL, PHI, Sat Mar 28 2024 16:11:29 GMT-0500 (Central Daylight Time)
669016, Brandon Marsh, Brandon Marsh homers (1) on a fly ball to left center field.   Bryson Stott scores., Home Run, 745604, 90.1, 48.37, 29, 396, 103.9, 5, 1, 675911, Spencer Strider, dbf3d4bd-8c85-4f16-8919-5fca5a0b8788, PHI, ATL, Sat Mar 28 2024 16:11:34 GMT-0500 (Central Daylight Time)

656555, Rhys Hoskins, Rhys Hoskins homers (1) on a fly ball to left field.   Willy Adames scores., Home Run, 745850, 15.87, 85.6, 28, 388, 107.4, 3, 1, 622663, Luis Severino, c373c0c1-33a7-4402-a88e-dd4981d51e24, MIL, NYM, Sat Mar 30 2024 16:20:31 GMT-0500 (Central Daylight Time)
682626, Francisco Alvarez, Francisco Alvarez homers (1) on a line drive to left center field., Home Run, 745850, 43.3, 59.23, 21, 400, 109.7, 2, 0, 669084, DL Hall, 3ebd973d-7864-4222-940b-fd9f3b095d1c, NYM, MIL, Sat Mar 30 2024 16:20:37 GMT-0500 (Central Daylight Time)
664056, Harrison Bader, Harrison Bader singles on a sharp line drive to left fielder Christian Yelich.  Harrison Bader out at 2nd on the throw, left fielder Christian Yelich to second baseman Brice Turang., Single, 745850, 47.63, 73, 16, 367, 110.9, 4, 1, 669084, DL Hall, c9d798db-217d-40a6-a847-bd0e21caee78, NYM, MIL, Sat Mar 30 2024 16:20:42 GMT-0500 (Central Daylight Time)
683146, Brett Baty, Brett Baty homers (1) on a fly ball to right center field.    Starling Marte scores.    Francisco Alvarez scores., Home Run, 745850, 185.68, 37.57, 29, 424, 108.2, 8, 1, 571948, Hoby Milner, 7fe2c949-8adc-4c6c-b8a0-b2481c8864a9, NYM, MIL, Sat Mar 30 2024 16:20:48 GMT-0500 (Central Daylight Time)
624413, Pete Alonso, Pete Alonso homers (1) on a line drive to left center field., Home Run, 745850, 54.11, 50.84, 18, 406, 113.8, 9, 1, 682842, Abner Uribe, 0460c25a-055b-4421-8321-edd919bc4777, NYM, MIL, Sat Mar 30 2024 16:20:53 GMT-0500 (Central Daylight Time)
592192, Mark Canha, Mark Canha homers (1) on a line drive to left field., Home Run, 746818, 27.26, 81.04, 21, 378, 106.5, 5, 2, 647336, Michael Soroka, 64356ca2-c55d-4459-ba08-3b2f245b7c31, DET, CWS, Sat Mar 30 2024 16:20:59 GMT-0500 (Central Daylight Time)
682985, Riley Greene, Riley Greene homers (1) on a fly ball to center field., Home Run, 746818, 91.26, 42.78, 31, 396, 104.5, 7, 0, 608678, Dominic Leone, 29615ee8-7275-4bb0-b479-f1b71ec4c306, DET, CWS, Sat Mar 30 2024 16:21:03 GMT-0500 (Central Daylight Time)
673357, Luis Robert Jr., Luis Robert Jr.  homers (1) on a fly ball to left center field.   Yoán Moncada scores., Home Run, 746818, 71.4, 45.14, 23, 449, 111.9, 1, 1, 628317, Kenta Maeda, 001cf557-3c82-4713-802d-781fdd31102d, CWS, DET, Sat Mar 30 2024 16:21:08 GMT-0500 (Central Daylight Time)
669699, Braden Shewmake, Braden Shewmake homers (1) on a fly ball to right field., Home Run, 746818, 210.48, 72.74, 28, 375, 100.4, 2, 1, 628317, Kenta Maeda, 7fe85456-e293-40e4-8099-188f565c31c7, CWS, DET, Sat Mar 30 2024 16:21:12 GMT-0500 (Central Daylight Time)
673357, Luis Robert Jr., Luis Robert Jr.  homers (2) on a fly ball to left center field.   Yoán Moncada scores., Home Run, 746818, 56.39, 44.74, 30, 417, 104.8, 3, 1, 628317, Kenta Maeda, 3fad4e43-c151-40f9-ab70-f164f93639e1, CWS, DET, Sat Mar 30 2024 16:21:17 GMT-0500 (Central Daylight Time)
455117, Martín Maldonado, Martín Maldonado flies out to center fielder Parker Meadows., Flyout, 746818, 104.68, 41.51, 30, 404, 102.5, 4, 3, 656412, Alex Faedo, 4074dbdb-670f-44c9-a712-8722b33a70aa, CWS, DET, Sat Mar 30 2024 16:21:22 GMT-0500 (Central Daylight Time)
621493, Taylor Ward, Taylor Ward flies out sharply to right fielder Anthony Santander., Flyout, 747063, 192.64, 70.44, 23, 358, 103.3, 1, 3, 680570, Grayson Rodriguez, 78988094-2a27-4a9e-98d0-dbd313cb750c, LAA, BAL, Sat Mar 30 2024 16:21:26 GMT-0500 (Central Daylight Time)
621493, Taylor Ward, Taylor Ward homers (1) on a fly ball to center field., Home Run, 747063, 102.05, 31.32, 24, 419, 105.6, 4, 1, 680570, Grayson Rodriguez, 44be0b72-4b8f-4a7b-a8ad-670c7cfe018c, LAA, BAL, Sat Mar 30 2024 16:21:32 GMT-0500 (Central Daylight Time)
683002, Gunnar Henderson, Gunnar Henderson homers (1) on a fly ball to center field., Home Run, 747063, 154.79, 31.91, 29, 419, 106.6, 1, 0, 656288, Griffin Canning, 5b67cdaa-336c-46e7-a525-a22fb16f2583, BAL, LAA, Sat Mar 30 2024 16:21:36 GMT-0500 (Central Daylight Time)
663624, Ryan Mountcastle, Ryan Mountcastle doubles (1) on a fly ball to left fielder Taylor Ward.   Adley Rutschman scores., Double, 747063, 27.78, 73.95, 29, 391, 99.9, 1, 1, 656288, Griffin Canning, 0327e814-00b9-4380-b9b5-3b96641d34b9, BAL, LAA, Sat Mar 30 2024 16:21:41 GMT-0500 (Central Daylight Time)
645277, Ozzie Albies, Ozzie Albies homers (1) on a fly ball to right center field.    Ronald Acuña Jr.  scores., Home Run, 745599, 179.05, 50.01, 29, 391, 97.3, 1, 0, 605400, Aaron Nola, 1b920b0b-7288-4495-929c-170ae0baee64, ATL, PHI, Sat Mar 30 2024 16:21:47 GMT-0500 (Central Daylight Time)
608070, José Ramírez, José Ramírez flies out sharply to center fielder JJ Bleday., Flyout, 745684, 102.8, 39.19, 28, 400, 100.0, 1, 2, 676664, JP Sears, 6fb1769c-736e-40ae-a939-4c3ca0c3b1de, CLE, OAK, Sat Mar 30 2024 16:21:51 GMT-0500 (Central Daylight Time)
665926, Andrés Giménez, Andrés Giménez triples (1) on a fly ball to center fielder JJ Bleday.   Tyler Freeman scores., Triple, 745684, 169.89, 50.3, 33, 384, 97.4, 2, 1, 676664, JP Sears, 96396b6c-a8f9-4df3-9195-b0ae254685ce, CLE, OAK, Sat Mar 30 2024 16:21:56 GMT-0500 (Central Daylight Time)
600869, Jeimer Candelario, Jeimer Candelario homers (1) on a fly ball to left field., Home Run, 746736, 36.88, 73.67, 32, 379, 97.6, 4, 2, 571578, Patrick Corbin, de288e92-20a9-4a5b-9f0b-aa6e5d504d43, CIN, WSH, Sat Mar 30 2024 16:22:01 GMT-0500 (Central Daylight Time)
642708, Amed Rosario, Amed Rosario flies out to center fielder Kevin Kiermaier., Flyout, 745119, 104.42, 51.66, 31, 390, 100.9, 1, 3, 579328, Yusei Kikuchi, 2743585b-a2db-4f29-8525-3fefbea0f186, TB, TOR, Sat Mar 30 2024 16:22:06 GMT-0500 (Central Daylight Time)
677951, Bobby Witt Jr., Bobby Witt Jr.  doubles (2) on a sharp line drive to center fielder Byron Buxton., Double, 746333, 188.49, 53.2, 21, 392, 106.3, 4, 1, 657746, Joe Ryan, 33b2c88a-65fe-40c9-8339-d4d2d214ab6b, KC, MIN, Sat Mar 30 2024 16:22:12 GMT-0500 (Central Daylight Time)
656582, Connor Joe, Connor Joe flies out to right fielder Jesús Sánchez., Flyout, 746087, 217.25, 113.71, 27, 308, 89.0, 1, 1, 677960, Ryan Weathers, e6acc28a-0897-4e83-9e4a-5594ec06ab11, PIT, MIA, Sat Mar 30 2024 16:22:17 GMT-0500 (Central Daylight Time)
669394, Jake Burger, Jake Burger doubles (1) on a sharp line drive to right fielder Bryan Reynolds.   Jazz Chisholm Jr.  scores., Double, 746087, 187.95, 65.58, 20, 364, 104.8, 4, 2, 683003, Jared Jones, 81300f6a-35ee-4922-94a0-df0ceaf90a2c, MIA, PIT, Sat Mar 30 2024 16:22:21 GMT-0500 (Central Daylight Time)
669707, Jared Triolo, Jared Triolo doubles (1) on a sharp fly ball to left fielder Nick Gordon.   Oneil Cruz to 3rd., Double, 746087, 68.66, 55.41, 25, 382, 101.3, 5, 1, 664350, Sixto Sánchez, 0df0c2f0-5368-4243-882d-744de1391323, PIT, MIA, Sat Mar 30 2024 16:30:00 GMT-0500 (Central Daylight Time)
668227, Randy Arozarena, Randy Arozarena homers (1) on a fly ball to right field., Home Run, 745119, 228.2, 90.79, 29, 366, 103.7, 5, 1, 579328, Yusei Kikuchi, ea7972b9-a045-4ba6-9dc1-9296b22d707c, TB, TOR, Sat Mar 30 2024 16:30:43 GMT-0500 (Central Daylight Time)
621566, Matt Olson, Matt Olson homers (1) on a fly ball to right field., Home Run, 745599, 212.43, 93.56, 47, 337, 102.3, 3, 0, 605400, Aaron Nola, 8f779268-e199-4c04-b2e0-0db0afecb2cf, ATL, PHI, Sat Mar 30 2024 16:33:27 GMT-0500 (Central Daylight Time)
676609, José Caballero, José Caballero out on a sacrifice fly to center fielder Kevin Kiermaier.   Isaac Paredes scores., Sac Fly, 745119, 103.21, 57.71, 31, 388, 98.0, 5, 2, 670950, Trevor Richards, a320f932-8284-4c86-8dd3-7d3b79abe546, TB, TOR, Sat Mar 30 2024 16:37:47 GMT-0500 (Central Daylight Time)
571912, Luke Maile, Luke Maile homers (1) on a fly ball to right center field.    Stuart Fairchild scores., Home Run, 746736, 175.81, 56.5, 31, 374, 96.0, 5, 1, 571578, Patrick Corbin, f7c24557-ad2c-4b8e-8c49-c023b7759567, CIN, WSH, Sat Mar 30 2024 16:39:45 GMT-0500 (Central Daylight Time)
680869, Zack Gelof, Zack Gelof lines out to right fielder Will Brennan., Lineout, 745684, 203.5, 93.72, 25, 356, 100.6, 4, 2, 676440, Tanner Bibee, 403a3ea2-068b-4dd2-a572-bbfda865e6e9, OAK, CLE, Sat Mar 30 2024 16:41:57 GMT-0500 (Central Daylight Time)
592663, J.T. Realmuto, J.T. Realmuto homers (1) on a fly ball to left center field., Home Run, 745599, 44.74, 59.68, 32, 398, 101.3, 3, 1, 445926, Jesse Chavez, b3342bad-edb6-45a2-a86e-6c4d393a9686, PHI, ATL, Sat Mar 30 2024 16:48:20 GMT-0500 (Central Daylight Time)
623993, Anthony Santander, Anthony Santander homers (2) on a fly ball to right center field.    Gunnar Henderson scores.    Adley Rutschman scores., Home Run, 747063, 196.72, 72.09, 32, 359, 98.0, 6, 0, 670871, Guillermo Zuñiga, fd2a9711-4fe4-4528-87c4-0886772b628e, BAL, LAA, Sat Mar 30 2024 17:00:32 GMT-0500 (Central Daylight Time)
668804, Bryan Reynolds, Bryan Reynolds hits a ground-rule double (2) on a fly ball down the right-field line.   Jack Suwinski scores.    Connor Joe scores., Double, 746087, 222.15, 111.72, 36, 320, 96.6, 7, 2, 677053, Andrew Nardi, 95f2e23f-8d1b-497b-9441-277b3956239f, PIT, MIA, Sat Mar 30 2024 17:08:52 GMT-0500 (Central Daylight Time)
666397, Edouard Julien, Edouard Julien doubles (1) on a sharp fly ball to left fielder MJ Melendez., Double, 746333, 45.83, 76.38, 24, 362, 100.3, 8, 0, 663704, James McArthur, 38036597-15a4-4fca-9ab0-f69c9042b559, MIN, KC, Sat Mar 30 2024 17:12:15 GMT-0500 (Central Daylight Time)
680757, Steven Kwan, Steven Kwan homers (1) on a fly ball to right center field., Home Run, 745684, 206.28, 46.71, 29, 424, 102.5, 7, 2, 547184, Michael Kelly, 651948c8-eaa9-42fb-9bf2-52f2f6ac78b8, CLE, OAK, Sat Mar 30 2024 17:24:31 GMT-0500 (Central Daylight Time)
660688, Keibert Ruiz, Keibert Ruiz homers (1) on a fly ball to right field., Home Run, 746736, 238.11, 93.29, 37, 397, 106.8, 8, 1, 608371, Lucas Sims, f796c9ed-a232-478b-92e9-d74e8f115e2c, WSH, CIN, Sat Mar 30 2024 17:25:13 GMT-0500 (Central Daylight Time)
643393, Tony Kemp, Tony Kemp flies out to right fielder Jo Adell., Flyout, 747063, 194.24, 75.12, 31, 350, 93.4, 8, 1, 643256, Adam Cimber, 6c5aa383-48d0-41cf-8296-58748b98d254, BAL, LAA, Sat Mar 30 2024 17:35:47 GMT-0500 (Central Daylight Time)
666135, Alex Kirilloff, Alex Kirilloff out on a sacrifice fly to left fielder MJ Melendez.   Willi Castro scores.    Christian Vázquez to 3rd., Sac Fly, 746333, 38.83, 89.27, 32, 346, 94.8, 9, 2, 519293, Will Smith, 24ac7782-0638-47e3-ba3d-659607dbc8a0, MIN, KC, Sat Mar 30 2024 17:37:36 GMT-0500 (Central Daylight Time)
542303, Marcell Ozuna, Marcell Ozuna homers (1) on a fly ball to left center field.   Ronald Acuña Jr.  scores.    Ozzie Albies scores., Home Run, 745599, 66.97, 58.52, 32, 377, 97.8, 6, 2, 622554, Seranthony Domínguez, dee96ed7-9932-47bf-8f96-23b25658125b, ATL, PHI, Sat Mar 30 2024 17:39:38 GMT-0500 (Central Daylight Time)
671739, Michael Harris II, Michael Harris II homers (1) on a fly ball to right center field., Home Run, 745599, 188.36, 61.31, 41, 374, 105.0, 9, 0, 641401, Connor Brogdon, 08a4aa03-5d11-48ac-ad54-10fe64fc27f5, ATL, PHI, Sat Mar 30 2024 18:21:38 GMT-0500 (Central Daylight Time)
621020, Dansby Swanson, Dansby Swanson homers (1) on a line drive to left center field.   Christopher Morel scores., Home Run, 745037, 66.08, 53.5, 22, 389, 107.7, 2, 0, 674003, Cody Bradford, e559663b-1fc0-4d91-9c95-8c0cec9ca255, CHC, TEX, Sat Mar 30 2024 18:24:19 GMT-0500 (Central Daylight Time)
665120, Jared Walsh, Jared Walsh homers (1) on a fly ball to right center field.    Wyatt Langford scores., Home Run, 745037, 197.94, 40.38, 31, 414, 106.9, 2, 0, 543294, Kyle Hendricks, cd2fa4c8-ae81-4f4f-a3e1-d528b90457d3, TEX, CHC, Sat Mar 30 2024 18:42:53 GMT-0500 (Central Daylight Time)
666969, Adolis García, Adolis García homers (2) on a fly ball to right center field.    Evan Carter scores., Home Run, 745037, 188.85, 61.74, 31, 373, 100.8, 3, 1, 543294, Kyle Hendricks, 957ade1b-192d-4548-bf2c-7954ae391ecd, TEX, CHC, Sat Mar 30 2024 18:58:04 GMT-0500 (Central Daylight Time)



664056, Harrison Bader, Harrison Bader singles on a sharp line drive to left fielder Christian Yelich.  Harrison Bader out at 2nd on the throw, left fielder Christian Yelich to second baseman Brice Turang., Single, 745850, 47.63, 73, 16, 367, 110.9, 4, 1, 669084, DL Hall, c9d798db-217d-40a6-a847-bd0e21caee78, NYM, MIL, Sat Mar 30 2024 19:27:49 GMT-0500 (Central Daylight Time)


621493, Taylor Ward, Taylor Ward homers (2) on a fly ball to left field.   Nolan Schanuel scores., Home Run, 747062, 27.53, 70.27, 25, 399, 107.6, 1, 2, 669330, Tyler Wells, a9daf228-d5fc-42e7-9647-00bebbff2a3f, LAA, BAL, Sun Mar 31 2024 14:07:58 GMT-0500 (Central Daylight Time)
645277, Ozzie Albies, Ozzie Albies homers (2) on a fly ball to left field.   Ronald Acuña Jr.  scores., Home Run, 745602, 29.26, 86.83, 34, 365, 96.3, 1, 0, 624133, Ranger Suárez, 91e04487-e7f8-4b1b-85b8-12a548011522, ATL, PHI, Sun Mar 31 2024 14:08:04 GMT-0500 (Central Daylight Time)
656941, Kyle Schwarber, Kyle Schwarber homers (1) on a line drive to right field., Home Run, 745602, 214.22, 71.35, 19, 382, 114.4, 1, 0, 519242, Chris Sale, 07be0fc4-4581-4d4a-987d-38e7f58dbcaa, PHI, ATL, Sun Mar 31 2024 14:08:09 GMT-0500 (Central Daylight Time)
682928, CJ Abrams, CJ Abrams homers (1) on a fly ball to right center field., Home Run, 746739, 197.16, 39.97, 25, 429, 107.1, 3, 1, 607259, Nick Martinez, 5cbdce26-5aec-4e67-9e54-4c77a00bcb51, WSH, CIN, Sun Mar 31 2024 14:08:14 GMT-0500 (Central Daylight Time)
457759, Justin Turner, Justin Turner doubles (2) on a line drive to left fielder Randy Arozarena.   Isiah Kiner-Falefa scores.    George Springer scores.    Vladimir Guerrero Jr.  to 3rd., Double, 745115, 65.34, 75.87, 25, 356, 102.3, 2, 2, 641302, Tyler Alexander, e3aec4d6-f094-42ea-b2d0-7d9cbbe82e0d, TOR, TB, Sun Mar 31 2024 14:08:19 GMT-0500 (Central Daylight Time)
676391, Ernie Clement, Ernie Clement flies out to left fielder Randy Arozarena., Flyout, 745115, 40.91, 83.98, 25, 353, 94.7, 3, 2, 641302, Tyler Alexander, 0245b667-0712-46cb-ad10-c8a42d9737de, TOR, TB, Sun Mar 31 2024 14:08:24 GMT-0500 (Central Daylight Time)
457759, Justin Turner, Justin Turner homers (1) on a fly ball to left center field., Home Run, 745115, 46.42, 57.53, 26, 400, 103.6, 5, 0, 641302, Tyler Alexander, 6c5db752-9041-4247-b079-fc58c680d8f1, TOR, TB, Sun Mar 31 2024 14:08:28 GMT-0500 (Central Daylight Time)
676914, Davis Schneider, Davis Schneider homers (1) on a fly ball to left field.   Ernie Clement scores., Home Run, 745115, 30.49, 83.52, 24, 369, 102.8, 5, 2, 641302, Tyler Alexander, 4772db01-e71b-40b0-9546-8e224d12643b, TOR, TB, Sun Mar 31 2024 14:08:32 GMT-0500 (Central Daylight Time)
668227, Randy Arozarena, Randy Arozarena homers (2) on a fly ball to right center field., Home Run, 745115, 198.45, 61.38, 25, 384, 107.1, 1, 2, 592332, Kevin Gausman, 4cddebca-c4e7-45db-a3ac-223cf951dd3f, TB, TOR, Sun Mar 31 2024 14:08:36 GMT-0500 (Central Daylight Time)
665862, Jazz Chisholm Jr., Jazz Chisholm Jr.  hits a grand slam (1) to right center field.   Josh Bell scores.    Jake Burger scores.    Bryan De La Cruz scores., Home Run, 746090, 193.03, 40.65, 26, 424, 104.9, 1, 0, 663559, Bailey Falter, 8cabff57-1831-45af-8ed5-120f5aa7ca6d, MIA, PIT, Sun Mar 31 2024 14:08:41 GMT-0500 (Central Daylight Time)
541645, Avisaíl García, Avisaíl García homers (1) on a fly ball to center field., Home Run, 746090, 165.71, 33.16, 23, 421, 106.9, 4, 0, 663559, Bailey Falter, 0d37dc48-f2d0-44a8-ad34-9e0d39dca53c, MIA, PIT, Sun Mar 31 2024 14:08:45 GMT-0500 (Central Daylight Time)
694192, Jackson Chourio, Jackson Chourio doubles (1) on a fly ball to right fielder Starling Marte.   Brice Turang scores., Double, 745845, 205.39, 86.02, 30, 338, 98.4, 2, 2, 656731, Tylor Megill, cb831b38-f355-4779-bed0-028ecdbe2e34, MIL, NYM, Sun Mar 31 2024 14:08:50 GMT-0500 (Central Daylight Time)
553882, Omar Narváez, Omar Narváez flies out to right fielder Jackson Chourio., Flyout, 745845, 198.03, 76.49, 38, 352, 98.9, 4, 3, 607067, Colin Rea, 7885e57e-aee6-4204-b75d-a875dbcb50db, NYM, MIL, Sun Mar 31 2024 14:08:54 GMT-0500 (Central Daylight Time)
521692, Salvador Perez, Salvador Perez homers (1) on a fly ball to left field.   Bobby Witt Jr.  scores.    Vinnie Pasquantino scores., Home Run, 746332, 39.55, 61.13, 31, 390, 98.7, 1, 1, 641927, Bailey Ober, e58805f4-a852-4e51-bce0-f0bdc4b7c243, KC, MIN, Sun Mar 31 2024 14:08:59 GMT-0500 (Central Daylight Time)
664728, Kyle Isbel, Kyle Isbel homers (1) on a fly ball to right field., Home Run, 746332, 212.41, 60.27, 24, 403, 105.5, 2, 0, 641927, Bailey Ober, 11fb0d15-9845-4067-af4d-dd10add7ab02, KC, MIN, Sun Mar 31 2024 14:09:03 GMT-0500 (Central Daylight Time)
672580, Maikel Garcia, Maikel Garcia homers (2) on a fly ball to left center field., Home Run, 746332, 57.82, 41.78, 28, 422, 103.8, 2, 0, 641927, Bailey Ober, da94b3b6-a8ec-4aea-98e6-968f194d1379, KC, MIN, Sun Mar 31 2024 14:09:08 GMT-0500 (Central Daylight Time)
677951, Bobby Witt Jr., Bobby Witt Jr.  triples (1) on a sharp fly ball to right fielder Matt Wallner., Triple, 746332, 169.39, 43.06, 30, 400, 104.1, 2, 0, 641927, Bailey Ober, 1408fa14-cf3d-4144-ad77-d06f6ef442ef, KC, MIN, Sun Mar 31 2024 14:09:12 GMT-0500 (Central Daylight Time)
669004, MJ Melendez, MJ Melendez doubles (2) on a sharp fly ball to center fielder Austin Martin.   Salvador Perez to 3rd., Double, 746332, 155.43, 40.35, 24, 399, 101.0, 2, 1, 641927, Bailey Ober, 5b5f9e18-92b9-4089-a6db-13d669dc1b92, KC, MIN, Sun Mar 31 2024 14:09:17 GMT-0500 (Central Daylight Time)
681481, Kerry Carpenter, Kerry Carpenter homers (1) on a fly ball to right field., Home Run, 746815, 211.94, 64.89, 32, 393, 105.0, 4, 0, 607200, Erick Fedde, e3674213-0ecb-4b51-9781-2588a3281b79, DET, CWS, Sun Mar 31 2024 14:09:22 GMT-0500 (Central Daylight Time)
686676, Korey Lee, Korey Lee homers (1) on a fly ball to left center field., Home Run, 746815, 80.26, 45.43, 26, 396, 107.9, 3, 0, 656427, Jack Flaherty, 90e85128-5ed8-4a89-84e8-916487a67a58, CWS, DET, Sun Mar 31 2024 14:09:26 GMT-0500 (Central Daylight Time)
514888, Jose Altuve, Jose Altuve homers (1) on a fly ball to left field., Home Run, 746413, 47.36, 85.57, 44, 341, 99.7, 3, 2, 657376, Clarke Schmidt, 9f60dce7-ed2d-40d3-a7f2-ef167f9f4fcf, HOU, NYY, Sun Mar 31 2024 14:09:32 GMT-0500 (Central Daylight Time)
666624, Christopher Morel, Christopher Morel homers (1) on a fly ball to left center field.   Seiya Suzuki scores.    Cody Bellinger scores., Home Run, 745035, 51.26, 53.82, 23, 403, 107.4, 1, 1, 592351, Jon Gray, 28b22254-5bed-4e7b-808b-05185da28832, CHC, TEX, Sun Mar 31 2024 14:09:36 GMT-0500 (Central Daylight Time)
661388, William Contreras, William Contreras doubles (1) on a sharp line drive to left fielder Brandon Nimmo., Double, 745845, 42.61, 78.36, 14, 362, 113.0, 5, 1, 670990, Yohan Ramírez, 599806d8-8a17-41e7-9064-a7f3d2a68282, MIL, NYM, Sun Mar 31 2024 14:09:40 GMT-0500 (Central Daylight Time)
677951, Bobby Witt Jr., Bobby Witt Jr.  homers (1) on a fly ball to center field., Home Run, 746332, 109.58, 24.08, 30, 434, 109.8, 3, 1, 681892, Kody Funderburk, e9ff0d06-e689-4e9b-a1da-368fabe4154b, KC, MIN, Sun Mar 31 2024 14:10:41 GMT-0500 (Central Daylight Time)
592663, J.T. Realmuto, J.T. Realmuto flies out sharply to left fielder Adam Duvall., Flyout, 745602, 74.69, 60.59, 37, 396, 107.1, 6, 1, 519242, Chris Sale, fb43a9c9-1a23-4103-bda9-7542ce9c63f6, PHI, ATL, Sun Mar 31 2024 14:11:16 GMT-0500 (Central Daylight Time)
683737, Michael Busch, Michael Busch flies out sharply to center fielder Leody Taveras., Flyout, 745035, 108.81, 37.49, 34, 402, 106.0, 3, 3, 592351, Jon Gray, 310499c3-2023-4aa1-b14c-7110e58317f9, CHC, TEX, Sun Mar 31 2024 14:22:06 GMT-0500 (Central Daylight Time)
668670, Jake Rogers, Jake Rogers homers (1) on a line drive to left field., Home Run, 746815, 36.81, 89.7, 25, 348, 102.5, 5, 0, 607200, Erick Fedde, cbf70273-b3fd-4a20-a07a-ef1d14c7d4d2, DET, CWS, Sun Mar 31 2024 14:26:20 GMT-0500 (Central Daylight Time)
702358, Trey Lipscomb, Trey Lipscomb homers (1) on a fly ball to center field., Home Run, 746739, 167.36, 49.61, 25, 384, 102.4, 7, 0, 571656, Buck Farmer, 3f333469-8d2c-4e11-8ea9-da79f3ad1a69, WSH, CIN, Sun Mar 31 2024 14:32:12 GMT-0500 (Central Daylight Time)
642133, Rowdy Tellez, Rowdy Tellez homers (1) on a fly ball to center field.   Ke'Bryan Hayes scores.    Edward Olivares scores., Home Run, 746090, 100.35, 28.71, 29, 425, 106.6, 7, 2, 661269, Vladimir Gutierrez, 198109a5-c016-47c7-a6bd-5818a145f9ec, PIT, MIA, Sun Mar 31 2024 14:34:05 GMT-0500 (Central Daylight Time)
543685, Anthony Rendon, Anthony Rendon flies out to left fielder Austin Hays., Flyout, 747062, 47.79, 84.14, 37, 344, 92.6, 8, 2, 657097, Jacob Webb, c510fbc3-4c95-4192-a1b9-d6b1cb95993a, LAA, BAL, Sun Mar 31 2024 14:34:09 GMT-0500 (Central Daylight Time)
676369, Nelson Velázquez, Nelson Velázquez homers (1) on a fly ball to left field., Home Run, 746332, 18.86, 82.72, 23, 388, 108.1, 6, 1, 663485, Cole Sands, 668e0d8b-0e81-48f9-92ac-c0e6aef02310, KC, MIN, Sun Mar 31 2024 14:52:14 GMT-0500 (Central Daylight Time)
672284, Jarred Kelenic, Jarred Kelenic doubles (1) on a sharp line drive to center fielder Johan Rojas., Double, 745602, 76.58, 52.29, 21, 383, 107.4, 8, 1, 622554, Seranthony Domínguez, 908ad35c-558d-45d8-8295-08b833f06d83, ATL, PHI, Sun Mar 31 2024 14:52:54 GMT-0500 (Central Daylight Time)
543760, Marcus Semien, Marcus Semien doubles (1) on a fly ball to left fielder Mike Tauchman.   Jared Walsh scores.    Evan Carter to 3rd., Double, 745035, 66.73, 71.98, 23, 383, 104.9, 4, 1, 696136, Jordan Wicks, a542f102-7bf3-4d62-9e0d-b5f3d0f1b1d2, TEX, CHC, Sun Mar 31 2024 14:53:46 GMT-0500 (Central Daylight Time)
694671, Wyatt Langford, Wyatt Langford triples (1) on a fly ball to center fielder Cody Bellinger.   Evan Carter scores.    Marcus Semien scores., Triple, 745035, 110.94, 41.69, 24, 406, 103.4, 4, 1, 696136, Jordan Wicks, 3c546103-ac5b-4edf-9cb8-f1a84587c9c0, TEX, CHC, Sun Mar 31 2024 14:54:51 GMT-0500 (Central Daylight Time)
656811, Ryan O'Hearn, Ryan O'Hearn flies out to left fielder Taylor Ward., Flyout, 747062, 52.2, 76.62, 30, 353, 99.0, 9, 2, 608032, Carlos Estévez, 8aeeca10-88b3-46f1-8c6a-0ec5bc6369d3, BAL, LAA, Sun Mar 31 2024 14:55:58 GMT-0500 (Central Daylight Time)
657557, Paul DeJong, Paul DeJong homers (1) on a line drive to right field., Home Run, 746815, 207.02, 80.19, 25, 355, 102.9, 7, 1, 605177, Andrew Chafin, dde70e5f-1f5b-495f-b628-e161df6891c8, CWS, DET, Sun Mar 31 2024 15:10:24 GMT-0500 (Central Daylight Time)
600869, Jeimer Candelario, Jeimer Candelario doubles (1) on a fly ball to center fielder Victor Robles., Double, 746739, 177.89, 57.7, 32, 373, 98.7, 8, 0, 640451, Hunter Harvey, 48f041bd-6e0a-49c3-ab56-9b2d38f92282, CIN, WSH, Sun Mar 31 2024 15:10:33 GMT-0500 (Central Daylight Time)
624503, Nick Gordon, Nick Gordon homers (1) on a fly ball to right center field., Home Run, 746090, 191.9, 47.66, 29, 407, 106.5, 9, 1, 670280, David Bednar, b6891691-96e0-4328-9151-b8d20eab255d, MIA, PIT, Sun Mar 31 2024 15:17:00 GMT-0500 (Central Daylight Time)
680700, Richie Palacios, Richie Palacios flies out to right fielder Cavan Biggio., Flyout, 745115, 196.38, 75.5, 26, 352, 95.9, 9, 1, 643338, Chad Green, 42dd5108-ee84-4395-8b11-10e447a815f2, TB, TOR, Sun Mar 31 2024 15:23:38 GMT-0500 (Central Daylight Time)
670623, Isaac Paredes, Isaac Paredes homers (1) on a fly ball to left field., Home Run, 745115, 30.87, 90.12, 28, 356, 95.7, 9, 2, 643338, Chad Green, 8e631f4d-0254-48ec-9f1a-fc5cacee273f, TB, TOR, Sun Mar 31 2024 15:25:36 GMT-0500 (Central Daylight Time)
521692, Salvador Perez, Salvador Perez flies out to left fielder Alex Kirilloff., Flyout, 746332, 65.74, 60.42, 36, 374, 95.0, 8, 2, 543351, Jay Jackson, f893e4dc-fc5f-4d53-a0c9-6c9c0f4f62e4, KC, MIN, Sun Mar 31 2024 15:25:41 GMT-0500 (Central Daylight Time)
572233, Christian Walker, Christian Walker homers (2) on a fly ball to left center field.   Lourdes Gurriel Jr.  scores., Home Run, 747222, 75.03, 38.49, 25, 409, 103.9, 1, 1, 663372, Ryan Feltner, bc43d2d3-559d-4eee-8dd2-7542fc24706e, AZ, COL, Sun Mar 31 2024 15:28:30 GMT-0500 (Central Daylight Time)
543760, Marcus Semien, Marcus Semien flies out to left fielder Mike Tauchman., Flyout, 745035, 75.96, 57.8, 24, 371, 98.0, 6, 1, 657240, Julian Merryweather, ec8b1822-ce39-48af-882f-e0a7bf28dbf6, TEX, CHC, Sun Mar 31 2024 15:30:26 GMT-0500 (Central Daylight Time)
641933, Tyler O'Neill, Tyler O'Neill homers (2) on a fly ball to left field., Home Run, 745279, 22.34, 93.27, 36, 364, 103.4, 2, 1, 682243, Bryce Miller, 539997c3-5925-49c6-bc11-a6255397c7f1, BOS, SEA, Sun Mar 31 2024 15:31:23 GMT-0500 (Central Daylight Time)
467793, Carlos Santana, Carlos Santana flies out sharply to right fielder Nelson Velázquez., Flyout, 746332, 183.01, 56.82, 39, 379, 100.8, 9, 2, 543475, Jordan Lyles, 6ff262db-4971-49c7-8e55-62df6165530d, MIN, KC, Sun Mar 31 2024 15:31:38 GMT-0500 (Central Daylight Time)
666181, Will Benson, Will Benson homers (1) on a fly ball to center field.   Jonathan India scores., Home Run, 746739, 97.81, 35, 25, 411, 102.9, 9, 2, 640448, Kyle Finnegan, 9adbc1a6-96ea-4acc-acff-ee8a7e1095aa, CIN, WSH, Sun Mar 31 2024 15:32:27 GMT-0500 (Central Daylight Time)
687952, Christian Encarnacion-Strand, Christian Encarnacion-Strand homers (1) on a fly ball to left field., Home Run, 746739, 16.33, 85.61, 25, 387, 113.3, 9, 2, 640448, Kyle Finnegan, 20fcff19-30d0-4b5d-bcb9-7b308fafd9b4, CIN, WSH, Sun Mar 31 2024 15:34:18 GMT-0500 (Central Daylight Time)
669134, Luis Campusano, Luis Campusano homers (1) on a fly ball to right field.    Manny Machado scores.    Ha-Seong Kim scores., Home Run, 745438, 219.72, 103.89, 37, 329, 96.4, 1, 2, 641726, Daulton Jefferies, aa036e98-3655-4305-80eb-69fb6bbf91d0, SD, SF, Sun Mar 31 2024 15:35:02 GMT-0500 (Central Daylight Time)
673490, Ha-Seong Kim, Ha-Seong Kim homers (1) on a fly ball to left field.   Jake Cronenworth scores.    Manny Machado scores., Home Run, 745438, 22.4, 97.54, 31, 357, 98.8, 2, 2, 641726, Daulton Jefferies, 067cb5f3-e143-4517-bc01-daeb5ce93c72, SD, SF, Sun Mar 31 2024 16:00:10 GMT-0500 (Central Daylight Time)
670541, Yordan Alvarez, Yordan Alvarez flies out sharply to center fielder Aaron Judge.   Mauricio Dubón to 3rd., Flyout, 746413, 99.02, 45.93, 33, 385, 106.3, 9, 2, 605280, Clay Holmes, c8a8f92e-5ec5-4e8b-9ff2-ee6bd340469c, HOU, NYY, Sun Mar 31 2024 16:06:17 GMT-0500 (Central Daylight Time)
665839, Enmanuel Valdez, Enmanuel Valdez homers (1) on a fly ball to right field.    Triston Casas scores.    Tyler O'Neill scores., Home Run, 745279, 229.91, 86.56, 38, 376, 105.0, 4, 2, 682243, Bryce Miller, 48b64348-573b-4ed5-9f7d-6152dd49ebe1, BOS, SEA, Sun Mar 31 2024 16:18:32 GMT-0500 (Central Daylight Time)
592518, Manny Machado, Manny Machado doubles (2) on a sharp line drive to right fielder Luis Matos.   Jackson Merrill scores.    Xander Bogaerts scores., Double, 745438, 208.49, 79.08, 20, 359, 103.8, 3, 2, 678906, Kai-Wei Teng, 789be526-ebaf-4462-a403-2247b7746070, SD, SF, Sun Mar 31 2024 16:24:34 GMT-0500 (Central Daylight Time)
642731, Thairo Estrada, Thairo Estrada homers (1) on a fly ball to left center field.   Michael Conforto scores., Home Run, 745438, 61.39, 46.49, 28, 409, 105.3, 4, 0, 650633, Michael King, 3ce31923-8be4-400c-a45b-303580da2df7, SF, SD, Sun Mar 31 2024 16:34:07 GMT-0500 (Central Daylight Time)
669911, Michael Toglia, Michael Toglia flies out sharply to center fielder Corbin Carroll., Flyout, 747222, 159.95, 37.55, 32, 408, 107.2, 6, 3, 543518, Scott McGough, e75c9b0d-36eb-42ef-8617-036caf8dcadf, COL, AZ, Sun Mar 31 2024 16:53:18 GMT-0500 (Central Daylight Time)


663586, Austin Riley, Austin Riley homers (1) on a fly ball to right center field.    Ronald Acuña Jr.  scores.    Ozzie Albies scores., Home Run, 746817, 174.45, 50.38, 25, 387, 103.1, 8, 2, 608678, Dominic Leone, 60c3d456-a7e8-4fc6-a183-1ab6ed7421df, ATL, CWS, Mon Apr 01 2024 17:26:54 GMT-0500 (Central Daylight Time)
457705, Andrew McCutchen, Andrew McCutchen doubles (1) on a sharp fly ball to center fielder Victor Robles, deflected by right fielder Lane Thomas., Double, 744875, 167.51, 58.83, 31, 381, 101.0, 7, 1, 571882, Derek Law, 6315c2b9-e3b8-4283-9fc2-2f4002ae14ce, PIT, WSH, Mon Apr 01 2024 17:27:03 GMT-0500 (Central Daylight Time)
656180, Riley Adams, Riley Adams homers (1) on a fly ball to left center field.   Ildemaro Vargas scores., Home Run, 744875, 68.37, 35.59, 28, 427, 108.9, 7, 1, 672710, Roansy Contreras, 25681999-5758-4726-9bf8-acd9bc81cd98, WSH, PIT, Mon Apr 01 2024 17:27:09 GMT-0500 (Central Daylight Time)
663586, Austin Riley, Austin Riley homers (1) on a fly ball to right center field.    Ronald Acuña Jr.  scores.    Ozzie Albies scores., Home Run, 746817, 174.45, 50.38, 25, 387, 103.1, 8, 2, 608678, Dominic Leone, 60c3d456-a7e8-4fc6-a183-1ab6ed7421df, ATL, CWS, Mon Apr 01 2024 17:30:58 GMT-0500 (Central Daylight Time)
457705, Andrew McCutchen, Andrew McCutchen doubles (1) on a sharp fly ball to center fielder Victor Robles, deflected by right fielder Lane Thomas., Double, 744875, 167.51, 58.83, 31, 381, 101.0, 7, 1, 571882, Derek Law, 6315c2b9-e3b8-4283-9fc2-2f4002ae14ce, PIT, WSH, Mon Apr 01 2024 17:31:09 GMT-0500 (Central Daylight Time)
668804, Bryan Reynolds, Bryan Reynolds flies out to left fielder Eddie Rosario., Flyout, 744875, 43.75, 88.71, 39, 340, 99.7, 8, 2, 598264, Matt Barnes, 577d46a4-bc8a-4297-bde5-58f555a07f14, PIT, WSH, Mon Apr 01 2024 17:31:14 GMT-0500 (Central Daylight Time)
656180, Riley Adams, Riley Adams homers (1) on a fly ball to left center field.   Ildemaro Vargas scores., Home Run, 744875, 68.37, 35.59, 28, 427, 108.9, 7, 1, 672710, Roansy Contreras, 25681999-5758-4726-9bf8-acd9bc81cd98, WSH, PIT, Mon Apr 01 2024 17:31:19 GMT-0500 (Central Daylight Time)
686469, Vinnie Pasquantino, Vinnie Pasquantino flies out to right fielder Anthony Santander., Flyout, 747058, 169.96, 53.64, 22, 375, 99.0, 1, 2, 665152, Dean Kremer, 50b5bd96-6a52-48a9-844a-96d642b7c243, KC, BAL, Mon Apr 01 2024 17:43:47 GMT-0500 (Central Daylight Time)
